滨州市 惠民县,371621
平顶山市 叶县,410422
株洲市 石峰区,430204
沧州市 青县,130922
金华市 武义县,330723
张家界市 桑植县,430822
昭通市 绥江县,530626
固原市 彭阳县,640425
济南市 天桥区,370105
信阳市 罗山县,411521
衡阳市 雁峰区,430406
南平市 延平区,350702
宜宾市 筠连县,511527
大兴安岭地区 呼玛县,232721
抚州市 黎川县,361022
广安市 岳池县,511621
长治市 平顺县,140425
阜阳市 颍泉区,341204
昆明市 盘龙区,530103
来宾市 金秀瑶族自治县,451324
大连市 庄河市,210283
宜春市 丰城市,360981
淮南市 八公山区,340405
克拉玛依市 独山子区,650202
省直辖行政单位 南沙群岛,469038
淮安市 洪泽县,320829
黑河市 北安市,231181
商洛市 山阳县,611024
渭南市 富平县,610528
巴中市 巴州区,511902
阿坝藏族羌族自治州 黑水县,513228
咸宁市 咸安区,421202
周口市 淮阳县,411626
安康市 汉阴县,610921
漳州市 华安县,350629
日喀则地区 康马县,542331
江门市 江海区,440704
营口市 鲅鱼圈区,210804
阿克苏地区 新和县,652925
天津市 蓟县,120225
淮北市 相山区,340603
甘孜藏族自治州 理塘县,513334
韶关市 曲江县,440221
郑州市 管城回族区,410104
丹东市 宽甸满族自治县,210624
吉林市 磐石市,220284
遵义市 务川仡佬族苗族自治县,520326
淄博市 沂源县,370323
南充市 蓬安县,511323
锡林郭勒盟 苏尼特右旗,152524
新乡市 获嘉县,410724
海南藏族自治州 共和县,632521
重庆市 黔江区,500114
沧州市 运河区,130903
杭州市 萧山区,330109
商丘市 柘城县,411424
贵阳市 白云区,520113
衡水市 安平县,131125
张家界市 慈利县,430821
武汉市 乔口区,420104
衢州市 龙游县,330825
滨州市 沾化县,371624
岳阳市 岳阳楼区,430602
重庆市 江津市,500381
成都市 都江堰市,510181
淄博市 博山区,370304
本溪市 桓仁满族自治县,210522
内江市 威远县,511024
成都市 双流县,510122
揭阳市 榕城区,445202
阿克苏地区 柯坪县,652929
银川市 金凤区,640106
黄冈市 英山县,421124
渭南市 华县,610521
红河哈尼族彝族自治州 红河县,532529
邵阳市 大祥区,430503
茂名市 化州市,440982
榆林市 府谷县,610822
岳阳市 岳阳县,430621
保定市 唐县,130627
伊春市 带岭区,230713
唐山市 古冶区,130204
桂林市 七星区,450305
河池市 南丹县,451221
临汾市 隰县,141031
忻州市 定襄县,140921
青岛市 即墨市,370282
重庆市 忠县,500233
宝鸡市 金台区,610303
梅州市 丰顺县,441423
钦州市 钦北区,450703
唐山市 路南区,130202
攀枝花市 米易县,510421
伊春市 金山屯区,230709
黔西南布依族苗族自治州 册亨县,522327
襄樊市 南漳县,420624
周口市 沈丘县,411624
台州市 温岭市,331081
文山壮族苗族自治州 文山县,532621
德阳市 罗江县,510626
喀什地区 泽普县,653124
台州市 临海市,331082
驻马店市 确山县,411725
榆林市 绥德县,610826
红河哈尼族彝族自治州 屏边苗族自治县,532523
省直辖行政单位 琼海市,469002
昌都地区 江达县,542122
桂林市 秀峰区,450302
丽水市 庆元县,331126
湘潭市 湘潭县,430321
阿里地区 噶尔县,542523
延安市 宜川县,610630
鸡西市 城子河区,230306
大理白族自治州 永平县,532928
陇南地区 西和县,622627
那曲地区 班戈县,542428
重庆市 万州区,500101
普洱市 孟连傣族拉祜族佤族自治县,530827
吕梁市 石楼县,141126
襄樊市 老河口市,420682
苏州市 虎丘区,320505
甘孜藏族自治州 稻城县,513337
普洱市 景东彝族自治县,530823
孝感市 云梦县,420923
聊城市 冠县,371525
柳州市 三江侗族自治县,450226
兴安盟 阿尔山市,152202
商丘市 睢县,411422
拉萨市 堆龙德庆县,540125
焦作市 温县,410825
怀化市 洪江市,431281
乌兰察布市 察哈尔右翼后旗,150928
运城市 平陆县,140829
枣庄市 薛城区,370403
南京市 玄武区,320102
伊春市 翠峦区,230706
衡水市 枣强县,131121
南通市 港闸区,320611
绵阳市 盐亭县,510723
鹤壁市 浚县,410621
大理白族自治州 鹤庆县,532932
凉山彝族自治州 金阳县,513430
北京市 石景山区,110107
西宁市 城北区,630105
衡水市 武强县,131123
武汉市 东西湖区,420112
海北藏族自治州 门源回族自治县,632221
贵阳市 息烽县,520122
衡水市 饶阳县,131124
东营市 广饶县,370523
聊城市 东昌府区,371502
阿勒泰地区 哈巴河县,654324
营口市 盖州市,210881
长沙市 岳麓区,430104
锡林郭勒盟 阿巴嘎旗,152522
宁波市 镇海区,330211
南阳市 邓州市,411381
省直辖行政单位 文昌市,469005
绥化市 明水县,231225
安阳市 滑县,410526
河池市 天峨县,451222
盐城市 射阳县,320924
天津市 塘沽区,120107
南通市 如皋市,320682
宣城市 绩溪县,341824
石家庄市 元氏县,130132
甘孜藏族自治州 丹巴县,513323
滁州市 琅琊区,341102
南京市 浦口区,320111
红河哈尼族彝族自治州 弥勒县,532526
安阳市 林州市,410581
绥化市 庆安县,231224
丽水市 莲都区,331102
潍坊市 昌邑市,370786
吐鲁番地区 托克逊县,652123
双鸭山市 尖山区,230502
安顺市 平坝县,520421
果洛藏族自治州 甘德县,632623
湘西土家族苗族自治州 古丈县,433126
沧州市 南皮县,130927
宁波市 鄞州区,330212
重庆市 大渡口区,500104
南宁市 江南区,450105
邵阳市 绥宁县,430527
宿州市 泗县,341324
张家口市 涿鹿县,130731
阿克苏地区 沙雅县,652924
榆林市 佳县,610828
重庆市 双桥区,500111
鸡西市 密山市,230382
漳州市 龙海市,350681
德州市 平原县,371426
邵阳市 邵阳县,430523
忻州市 五寨县,140928
连云港市 连云区,320703
乌海市 海南区,150303
邵阳市 洞口县,430525
孝感市 孝昌县,420921
北京市 通州区,110112
铜仁地区 石阡县,522224
大连市 旅顺口区,210212
肇庆市 广宁县,441223
深圳市 南山区,440305
齐齐哈尔市 讷河市,230281
开封市 龙亭区,410202
来宾市 兴宾区,451302
双鸭山市 宝山区,230506
菏泽市 巨野县,371724
嘉兴市 桐乡市,330483
福州市 福清市,350181
萍乡市 上栗县,360322
济南市 长清区,370113
大理白族自治州 宾川县,532924
遂宁市 蓬溪县,510921
河源市 和平县,441624
常德市 石门县,430726
金华市 磐安县,330727
眉山市 青神县,511425
石家庄市 灵寿县,130126
长治市 潞城市,140481
大同市 左云县,140226
山南地区 曲松县,542226
百色市 乐业县,451028
昌都地区 类乌齐县,542124
博尔塔拉蒙古自治州 博乐市,652701
攀枝花市 盐边县,510422
安阳市 汤阴县,410523
大连市 西岗区,210203
湘潭市 湘乡市,430381
上饶市 广丰县,361122
哈尔滨市 巴彦县,230126
南通市 启东市,320681
乐山市 犍为县,511123
连云港市 东海县,320722
安顺市 普定县,520422
阳江市 江城区,441702
赣州市 定南县,360728
阿里地区 改则县,542526
郑州市 中原区,410102
文山壮族苗族自治州 西畴县,532623
济南市 平阴县,370124
齐齐哈尔市 梅里斯达斡尔族区,230208
台州市 仙居县,331024
温州市 瑞安市,330381
黔西南布依族苗族自治州 普安县,522323
乌兰察布市 集宁区,150902
汉中市 西乡县,610724
濮阳市 范县,410926
淮南市 凤台县,340421
枣庄市 峄城区,370404
来宾市 象州县,451322
乌海市 乌达区,150304
酒泉市 金塔县,620921
宣城市 泾县,341823
娄底市 双峰县,431321
鄂州市 华容区,420703
喀什地区 巴楚县,653130
阿克苏地区 拜城县,652926
柳州市 鹿寨县,450223
惠州市 惠城区,441302
乌兰察布市 四子王旗,150929
果洛藏族自治州 班玛县,632622
资阳市 雁江区,512002
阜新市 阜新蒙古族自治县,210921
通化市 集安市,220582
福州市 闽清县,350124
阜新市 彰武县,210922
杭州市 余杭区,330110
南充市 顺庆区,511302
铁岭市 昌图县,211224
梅州市 大埔县,441422
黄山市 歙县,341021
阿勒泰地区 青河县,654325
北海市 银海区,450503
龙岩市 永定县,350822
韶关市 始兴县,440222
荆门市 沙洋县,420822
通化市 柳河县,220524
甘孜藏族自治州 德格县,513330
承德市 宽城满族自治县,130827
泰州市 高港区,321203
济宁市 曲阜市,370881
武威市 民勤县,620621
怀化市 麻阳苗族自治县,431226
重庆市 巴南区,500113
萍乡市 安源区,360302
晋中市 左权县,140722
西宁市 城东区,630102
乐山市 夹江县,511126
安康市 紫阳县,610924
上饶市 横峰县,361125
莆田市 仙游县,350322
湘潭市 岳塘区,430304
省直辖行政单位 昌江县,469031
防城港市 东兴市,450681
唐山市 迁安市,130283
肇庆市 德庆县,441226
洛阳市 宜阳县,410327
包头市 达尔罕茂明安联合旗,150223
重庆市 武隆县,500232
吉林市 昌邑区,220202
重庆市 永川市,500383
博尔塔拉蒙古自治州 温泉县,652723
泰安市 泰山区,370902
锦州市 义县,210727
保定市 涿州市,130681
唐山市 开平区,130205
陇南地区 宕昌县,622623
安康市 镇坪县,610927
黄石市 大冶市,420281
澳门特别行政区 澳门特别行政区,820000
牡丹江市 阳明区,231003
柳州市 柳城县,450222
邵阳市 双清区,430502
许昌市 禹州市,411081
邢台市 清河县,130534
泰州市 海陵区,321202
大庆市 龙凤区,230603
泸州市 古蔺县,510525
安庆市 枞阳县,340823
黄石市 下陆区,420204
怀化市 会同县,431225
呼伦贝尔市 牙克石市,150782
六盘水市 盘县,520222
重庆市 梁平县,500228
十堰市 郧西县,420322
大连市 沙河口区,210204
永州市 芝山区,431102
吉安市 泰和县,360826
滨州市 邹平县,371626
伊春市 伊春区,230702
衡阳市 蒸湘区,430408
迪庆藏族自治州 维西傈僳族自治县,533423
辽阳市 白塔区,211002
山南地区 错那县,542232
西安市 灞桥区,610111
菏泽市 郓城县,371725
忻州市 神池县,140927
长治市 沁县,140430
南通市 海安县,320621
昆明市 寻甸回族彝族自治县,530129
衡水市 阜城县,131128
贵阳市 小河区,520114
保定市 顺平县,130636
宣城市 宣州区,341802
肇庆市 四会市,441284
深圳市 罗湖区,440303
盘锦市 双台子区,211102
恩施土家族苗族自治州 宣恩县,422825
南通市 如东县,320623
呼伦贝尔市 新巴尔虎右旗,150727
柳州市 柳江县,450221
泉州市 洛江区,350504
安康市 汉滨区,610902
天水市 武山县,620524
阿里地区 札达县,542522
那曲地区 申扎县,542426
池州市 东至县,341721
漯河市 源汇区,411102
延边朝鲜族自治州 和龙市,222406
黔西南布依族苗族自治州 望谟县,522326
郴州市 资兴市,431081
山南地区 桑日县,542224
抚顺市 东洲区,210403
聊城市 阳谷县,371521
巢湖市 含山县,341423
通化市 二道江区,220503
桂林市 恭城瑶族自治县,450332
呼和浩特市 土默特左旗,150121
十堰市 郧县,420321
临夏回族自治州 康乐县,622922
自贡市 大安区,510304
永州市 宁远县,431126
绵阳市 涪城区,510703
大连市 中山区,210202
枣庄市 台儿庄区,370405
广安市 邻水县,511623
白城市 洮南市,220881
合肥市 庐阳区,340103
铜陵市 铜官山区,340702
丽江市 宁蒗彝族自治县,530724
定西市 渭源县,621123
六盘水市 水城县,520221
佳木斯市 抚远县,230833
阿勒泰地区 布尔津县,654321
乐山市 峨眉山市,511181
镇江市 扬中市,321182
恩施土家族苗族自治州 利川市,422802
怀化市 溆浦县,431224
丽水市 龙泉市,331181
武汉市 洪山区,420111
贺州市 钟山县,451122
宁德市 寿宁县,350924
廊坊市 三河市,131082
日喀则地区 江孜县,542323
昭通市 威信县,530629
鹤壁市 鹤山区,410602
宿迁市 宿豫县,321321
昆明市 禄劝彝族苗族自治县,530128
阿勒泰地区 富蕴县,654322
西安市 碑林区,610103
廊坊市 大厂回族自治县,131028
鄂尔多斯市 东胜区,150602
芜湖市 新芜区,340204
湘西土家族苗族自治州 泸溪县,433122
黄冈市 红安县,421122
天水市 甘谷县,620523
烟台市 莱州市,370683
绍兴市 新昌县,330624
北京市 怀柔区,110116
淮南市 谢家集区,340404
驻马店市 平舆县,411723
丽江市 古城区,530702
东营市 垦利县,370521
周口市 鹿邑县,411628
博尔塔拉蒙古自治州 精河县,652722
果洛藏族自治州 玛沁县,632621
四平市 梨树县,220322
安阳市 安阳县,410522
泰安市 宁阳县,370921
株洲市 天元区,430211
平顶山市 舞钢市,410481
抚州市 宜黄县,361026
咸阳市 武功县,610431
广州市 白云区,440111
德阳市 中江县,510623
海北藏族自治州 祁连县,632222
张家口市 张北县,130722
天津市 津南区,120112
石家庄市 晋州市,130183
临汾市 汾西县,141034
宜昌市 长阳土家族自治县,420528
乐山市 马边彝族自治县,511133
运城市 芮城县,140830
临夏回族自治州 和政县,622925
邵阳市 北塔区,430511
中卫市 海原县,640522
深圳市 福田区,440304
忻州市 岢岚县,140929
达州市 达县,511721
杭州市 临安市,330185
张家口市 阳原县,130727
赤峰市 林西县,150424
伊犁哈萨克自治州 昭苏县,654026
南京市 栖霞区,320113
晋中市 榆社县,140721
兰州市 安宁区,620105
玉溪市 红塔区,530402
百色市 右江区,451002
临汾市 吉县,141028
沈阳市 东陵区,210112
保定市 徐水县,130625
甘孜藏族自治州 康定县,513321
广州市 增城市,440183
衡阳市 衡南县,430422
六安市 霍邱县,341522
哈尔滨市 依兰县,230123
郑州市 新密市,410183
红河哈尼族彝族自治州 蒙自县,532522
省直辖行政单位 五家渠市,659004
衡水市 冀州市,131181
怒江傈僳族自治州 兰坪白族普米族自治县,533325
沈阳市 沈河区,210103
黔东南苗族侗族自治州 镇远县,522625
常德市 安乡县,430721
齐齐哈尔市 依安县,230223
宝鸡市 千阳县,610328
北京市 平谷区,110117
福州市 马尾区,350105
普洱市 江城哈尼族彝族自治县,530826
抚州市 广昌县,361030
和田地区 洛浦县,653224
信阳市 固始县,411525
临沂市 沂水县,371323
黔南布依族苗族自治州 都匀市,522701
湛江市 廉江市,440881
红河哈尼族彝族自治州 开远市,532502
邢台市 柏乡县,130524
广州市 从化市,440184
哈尔滨市 木兰县,230127
阜阳市 颍上县,341226
平顶山市 宝丰县,410421
来宾市 合山市,451381
张家口市 怀安县,130728
潮州市 饶平县,445122
陇南地区 礼县,622628
辽阳市 灯塔市,211081
哈尔滨市 道外区,230104
伊犁哈萨克自治州 尼勒克县,654028
桂林市 兴安县,450325
眉山市 彭山县,511422
延安市 洛川县,610629
沧州市 肃宁县,130926
伊犁哈萨克自治州 察布查尔锡伯自治县,654022
山南地区 洛扎县,542228
黔西南布依族苗族自治州 安龙县,522328
忻州市 宁武县,140925
杭州市 江干区,330104
肇庆市 封开县,441225
丽江市 永胜县,530722
昭通市 昭阳区,530602
廊坊市 安次区,131002
武汉市 黄陂区,420116
烟台市 莱山区,370613
漳州市 龙文区,350603
常德市 澧县,430723
济宁市 嘉祥县,370829
韶关市 乐昌市,440281
沧州市 吴桥县,130928
宿州市 墉桥区,341302
平凉市 崇信县,620823
梅州市 兴宁市,441481
长治市 郊区,140411
张掖市 肃南裕固族自治县,620721
六安市 寿县,341521
济南市 市中区,370103
深圳市 宝安区,440306
黔西南布依族苗族自治州 兴义市,522301
湛江市 坡头区,440804
榆林市 靖边县,610824
孝感市 孝南区,420902
黄南藏族自治州 同仁县,632321
莆田市 涵江区,350303
酒泉市 阿克塞哈萨克族自治县,620924
厦门市 思明区,350203
桂林市 灵川县,450323
红河哈尼族彝族自治州 泸西县,532527
青岛市 四方区,370205
阿勒泰地区 吉木乃县,654326
长治市 黎城县,140426
黔东南苗族侗族自治州 从江县,522633
邢台市 广宗县,130531
绍兴市 越城区,330602
庆阳市 环县,621022
铜仁地区 铜仁市,522201
崇左市 宁明县,451422
凉山彝族自治州 会东县,513426
保定市 易县,130633
重庆市 九龙坡区,500107
湘潭市 韶山市,430382
沈阳市 新城子区,210113
朔州市 朔城区,140602
抚州市 资溪县,361028
北京市 崇文区,110103
厦门市 翔安区,350213
香港特别行政区 香港特别行政区,810000
德阳市 广汉市,510681
鹤岗市 南山区,230404
红河哈尼族彝族自治州 个旧市,532501
安庆市 望江县,340827
延边朝鲜族自治州 安图县,222426
张家界市 永定区,430802
本溪市 溪湖区,210503
遵义市 道真仡佬族苗族自治县,520325
雅安市 雨城区,511802
扬州市 江都市,321088
西安市 长安区,610116
铜仁地区 松桃苗族自治县,522229
成都市 新津县,510132
大连市 金州区,210213
遂宁市 射洪县,510922
三亚市 三亚,460200
达州市 万源市,511781
长春市 榆树市,220182
盘锦市 盘山县,211122
丽江市 华坪县,530723
邢台市 桥西区,130503
合肥市 蜀山区,340104
宜春市 樟树市,360982
呼和浩特市 玉泉区,150104
呼伦贝尔市 新巴尔虎左旗,150726
太原市 晋源区,140110
阳泉市 平定县,140321
无锡市 惠山区,320206
上饶市 余干县,361127
泰安市 东平县,370923
拉萨市 墨竹工卡县,540127
邢台市 南宫市,130581
晋中市 榆次区,140702
北京市 房山区,110111
鄂尔多斯市 鄂托克前旗,150623
临沧市 镇康县,530924
防城港市 防城区,450603
湖北省辖市区 仙桃市,429004
南宁市 邕宁县,450121
临汾市 大宁县,141030
齐齐哈尔市 龙江县,230221
恩施土家族苗族自治州 巴东县,422823
榆林市 子洲县,610831
拉萨市 当雄县,540122
晋中市 寿阳县,140725
牡丹江市 西安区,231005
潮州市 潮安县,445121
大连市 瓦房店市,210281
台州市 路桥区,331004
南平市 光泽县,350723
长春市 双阳区,220112
怀化市 新晃侗族自治县,431227
黔东南苗族侗族自治州 黄平县,522622
伊春市 友好区,230704
绥化市 兰西县,231222
保定市 清苑县,130622
晋中市 祁县,140727
昌吉回族自治州 米泉市,652303
吉安市 吉水县,360822
雅安市 宝兴县,511827
张掖市 山丹县,620725
铜仁地区 德江县,522227
伊春市 西林区,230705
内江市 东兴区,511011
天津市 河北区,120105
白银市 景泰县,620423
枣庄市 滕州市,370481
永州市 双牌县,431123
伊春市 铁力市,230781
黄石市 黄石港区,420202
唐山市 滦县,130223
贵港市 港北区,450802
马鞍山市 雨山区,340504
黄石市 西塞山区,420203
临夏回族自治州 临夏县,622921
吉林市 丰满区,220211
池州市 贵池区,341702
怀化市 靖州苗族侗族自治县,431229
哈密地区 伊吾县,652223
舟山市 普陀区,330903
桂林市 临桂县,450322
松原市 长岭县,220722
邯郸市 峰峰矿区,130406
六安市 裕安区,341503
运城市 万荣县,140822
上海市 虹口区,310109
忻州市 代县,140923
黄冈市 团风县,421121
伊春市 乌伊岭区,230714
承德市 双桥区,130802
乌鲁木齐市 天山区,650102
宝鸡市 渭滨区,610302
许昌市 魏都区,411002
林芝地区 朗县,542627
云浮市 罗定市,445381
南阳市 社旗县,411327
黔东南苗族侗族自治州 榕江县,522632
绵阳市 三台县,510722
南京市 高淳县,320125
南平市 浦城县,350722
九江市 瑞昌市,360481
遵义市 凤冈县,520327
泉州市 石狮市,350581
威海市 环翠区,371002
海口市 琼山区,460107
洛阳市 廛河回族区,410304
四平市 铁东区,220303
省直辖行政单位 中沙群岛的岛礁及其海域,469039
巴彦淖尔市 杭锦后旗,150826
蚌埠市 郊区,340311
开封市 顺河回族区,410203
榆林市 神木县,610821
延安市 子长县,610623
遂宁市 安居区,510904
保定市 博野县,130637
淮南市 田家庵区,340403
西宁市 大通回族土族自治县,630121
大同市 大同县,140227
兰州市 红古区,620111
那曲地区 那曲县,542421
钦州市 浦北县,450722
银川市 灵武市,640181
张掖市 甘州区,620702
西宁市 城中区,630103
龙岩市 连城县,350825
大庆市 红岗区,230605
洛阳市 洛龙区,410307
伊犁哈萨克自治州 巩留县,654024
山南地区 加查县,542229
延边朝鲜族自治州 图们市,222402
上海市 卢湾区,310103
泸州市 合江县,510522
阿里地区 措勤县,542527
遵义市 湄潭县,520328
遵义市 汇川区,520303
包头市 青山区,150204
赤峰市 宁城县,150429
泉州市 鲤城区,350502
泉州市 泉港区,350505
鞍山市 台安县,210321
吴忠市 盐池县,640323
宜春市 宜丰县,360924
昌都地区 左贡县,542128
汕尾市 陆丰市,441581
淮安市 清浦区,320811
吐鲁番地区 吐鲁番市,652101
长治市 壶关县,140427
玉溪市 易门县,530425
延安市 宝塔区,610602
包头市 固阳县,150222
大庆市 肇州县,230621
潍坊市 坊子区,370704
武汉市 新洲区,420117
毕节地区 大方县,522422
娄底市 涟源市,431382
郴州市 苏仙区,431003
石家庄市 鹿泉市,130185
阿里地区 革吉县,542525
甘孜藏族自治州 甘孜县,513328
云浮市 新兴县,445321
苏州市 平江区,320503
绵阳市 江油市,510781
哈尔滨市 南岗区,230103
邯郸市 魏县,130434
保定市 定兴县,130626
省直辖行政单位 保亭县,469035
保定市 曲阳县,130634
厦门市 同安区,350212
滨州市 无棣县,371623
平凉市 泾川县,620821
昌都地区 丁青县,542125
重庆市 渝北区,500112
丹东市 凤城市,210682
九江市 庐山区,360402
宜昌市 宜都市,420581
上海市 松江区,310117
伊春市 汤旺河区,230712
平凉市 崆峒区,620802
杭州市 桐庐县,330122
张家口市 桥东区,130702
乌鲁木齐市 达坂城区,650107
贺州市 八步区,451102
厦门市 集美区,350211
林芝地区 墨脱县,542624
宜昌市 西陵区,420502
襄樊市 谷城县,420625
抚顺市 抚顺县,210421
昆明市 嵩明县,530127
凉山彝族自治州 甘洛县,513435
普洱市 墨江哈尼族自治县,530822
忻州市 静乐县,140926
淄博市 淄川区,370302
郑州市 巩义市,410181
上海市 宝山区,310113
遵义市 习水县,520330
保定市 容城县,130629
果洛藏族自治州 达日县,632624
甘南藏族自治州 卓尼县,623022
枣庄市 山亭区,370406
白城市 通榆县,220822
龙岩市 漳平市,350881
焦作市 沁阳市,410882
重庆市 巫溪县,500238
无锡市 宜兴市,320282
吉安市 峡江县,360823
玉溪市 新平彝族傣族自治县,530427
洛阳市 西工区,410303
保定市 高碑店市,130684
柳州市 柳南区,450204
宜春市 高安市,360983
重庆市 酉阳土家族苗族自治县,500242
南京市 下关区,320107
三明市 建宁县,350430
成都市 青羊区,510105
赤峰市 元宝山区,150403
咸阳市 礼泉县,610425
丹东市 东港市,210681
文山壮族苗族自治州 麻栗坡县,532624
黔南布依族苗族自治州 三都水族自治县,522732
邢台市 沙河市,130582
清远市 清城区,441802
松原市 前郭尔罗斯蒙古族自治县,220721
锦州市 北宁市,210782
宜宾市 江安县,511523
鄂尔多斯市 杭锦旗,150625
邯郸市 涉县,130426
安庆市 桐城市,340881
昌都地区 边坝县,542133
通化市 梅河口市,220581
绥化市 绥棱县,231226
常州市 金坛市,320482
三门峡市 义马市,411281
雅安市 荥经县,511822
昌吉回族自治州 木垒哈萨克自治县,652328
辽阳市 弓长岭区,211005
阜阳市 阜南县,341225
龙岩市 新罗区,350802
湘西土家族苗族自治州 吉首市,433101
滁州市 定远县,341125
曲靖市 宣威市,530381
邢台市 内丘县,130523
朝阳市 凌源市,211382
北海市 海城区,450502
肇庆市 高要市,441283
广安市 武胜县,511622
林芝地区 察隅县,542626
益阳市 赫山区,430903
伊春市 美溪区,230708
沧州市 泊头市,130981
漳州市 诏安县,350624
金华市 义乌市,330782
玉溪市 元江哈尼族彝族傣族自治县,530428
白银市 白银区,620402
临汾市 永和县,141032
自贡市 自流井区,510302
呼伦贝尔市 鄂温克族自治旗,150724
百色市 靖西县,451025
柳州市 融安县,450224
青岛市 莱西市,370285
张家口市 沽源县,130724
菏泽市 东明县,371728
资阳市 安岳县,512021
河池市 环江毛南族自治县,451226
沧州市 献县,130929
芜湖市 鸠江区,340207
孝感市 安陆市,420982
宜春市 万载县,360922
吴忠市 同心县,640324
郑州市 新郑市,410184
张家口市 下花园区,130706
阿坝藏族羌族自治州 若尔盖县,513232
湖北省辖市区 潜江市,429005
丽水市 云和县,331125
怀化市 中方县,431221
西安市 阎良区,610114
眉山市 仁寿县,511421
日喀则地区 拉孜县,542326
徐州市 云龙区,320303
唐山市 丰润区,130208
鸡西市 恒山区,230303
荆州市 公安县,421022
葫芦岛市 兴城市,211481
南昌市 湾里区,360105
大理白族自治州 洱源县,532930
湛江市 霞山区,440803
嘉兴市 秀洲区,330411
武汉市 汉阳区,420105
曲靖市 师宗县,530323
滨州市 滨城区,371602
阜新市 海州区,210902
沧州市 任丘市,130982
七台河市 桃山区,230903
朔州市 山阴县,140621
怀化市 辰溪县,431223
南通市 通州区,320612
阜阳市 颍东区,341203
九江市 永修县,360425
深圳市 盐田区,440308
汉中市 南郑县,610721
邢台市 新河县,130530
菏泽市 鄄城县,371726
福州市 永泰县,350125
萍乡市 芦溪县,360323
榆林市 吴堡县,610829
连云港市 灌云县,320723
南平市 政和县,350725
石家庄市 正定县,130123
安庆市 太湖县,340825
太原市 万柏林区,140109
西双版纳傣族自治州 勐海县,532822
河源市 源城区,441602
黄冈市 麻城市,421181
海西蒙古族藏族自治州 都兰县,632822
白银市 平川区,620403
雅安市 芦山县,511826
绥化市 肇东市,231282
榆林市 清涧县,610830
大庆市 大同区,230606
宿迁市 泗阳县,321323
巢湖市 无为县,341422
和田地区 皮山县,653223
成都市 武侯区,510107
牡丹江市 宁安市,231084
淮南市 潘集区,340406
吉安市 万安县,360828
济南市 槐荫区,370104
承德市 承德县,130821
衡阳市 珠晖区,430405
鞍山市 立山区,210304
南宁市 武鸣县,450122
宜宾市 翠屏区,511502
郑州市 惠济区,410108
阿坝藏族羌族自治州 茂县,513223
临沧市 耿马傣族佤族自治县,530926
江门市 鹤山市,440784
宁德市 屏南县,350923
百色市 德保县,451024
塔城地区 乌苏市,654202
焦作市 武陟县,410823
邵阳市 新邵县,430522
赤峰市 巴林右旗,150423
崇左市 天等县,451425
石家庄市 行唐县,130125
长春市 朝阳区,220104
吐鲁番地区 鄯善县,652122
伊春市 乌马河区,230711
烟台市 栖霞市,370686
重庆市 城口县,500229
邵阳市 新宁县,430528
洛阳市 嵩县,410325
临沂市 费县,371325
南昌市 新建县,360122
资阳市 简阳市,512081
三门峡市 湖滨区,411202
荆州市 监利县,421023
东营市 东营区,370502
攀枝花市 仁和区,510411
濮阳市 华龙区,410902
扬州市 邗江区,321003
晋城市 高平市,140581
阜新市 太平区,210904
九江市 修水县,360424
阿勒泰地区 阿勒泰市,654301
珠海市 斗门区,440403
宝鸡市 陇县,610327
阿坝藏族羌族自治州 马尔康县,513229
河源市 龙川县,441622
泰安市 岱岳区,370903
泉州市 丰泽区,350503
榆林市 榆阳区,610802
连云港市 赣榆县,320721
和田地区 民丰县,653227
延安市 黄陵县,610632
黔南布依族苗族自治州 平塘县,522727
桂林市 灌阳县,450327
淮安市 楚州区,320803
攀枝花市 东区,510402
徐州市 新沂市,320381
芜湖市 南陵县,340223
上饶市 婺源县,361130
资阳市 乐至县,512022
宿州市 砀山县,341321
广元市 元坝区,510811
云浮市 云安县,445323
廊坊市 文安县,131026
达州市 通川区,511702
昌都地区 昌都县,542121
汕头市 濠江区,440512
鄂尔多斯市 乌审旗,150626
长治市 长治县,140421
三门峡市 卢氏县,411224
铁岭市 银州区,211202
韶关市 武江区,440203
乌兰察布市 卓资县,150921
晋中市 和顺县,140723
省直辖行政单位 五指山市,469001
大连市 长海县,210224
平凉市 静宁县,620826
佳木斯市 向阳区,230803
烟台市 海阳市,370687
省直辖行政单位 阿拉尔市,659002
白银市 会宁县,620422
德宏傣族景颇族自治州 梁河县,533122
石家庄市 长安区,130102
廊坊市 香河县,131024
北京市 海淀区,110108
上海市 奉贤区,310120
牡丹江市 林口县,231025
玉林市 玉州区,450902
九江市 浔阳区,360403
日照市 五莲县,371121
喀什地区 疏附县,653121
普洱市 西盟佤族自治县,530829
泉州市 惠安县,350521
喀什地区 喀什市,653101
省直辖行政单位 琼中县,469036
巴音郭楞蒙古自治州 焉耆回族自治县,652826
玉溪市 峨山彝族自治县,530426
金华市 婺城区,330702
百色市 田东县,451022
牡丹江市 穆棱市,231085
三明市 明溪县,350421
昭通市 巧家县,530622
钦州市 灵山县,450721
甘南藏族自治州 临潭县,623021
那曲地区 嘉黎县,542422
防城港市 港口区,450602
株洲市 炎陵县,430225
太原市 尖草坪区,140108
青岛市 市南区,370202
桂林市 资源县,450329
拉萨市 城关区,540102
营口市 站前区,210802
广州市 芳村区,440107
青岛市 市北区,370203
定西市 岷县,621126
茂名市 信宜市,440983
衢州市 常山县,330822
南京市 白下区,320103
渭南市 白水县,610527
海口市 龙华区,460106
桂林市 平乐县,450330
扬州市 高邮市,321084
新乡市 辉县市,410782
武汉市 青山区,420107
咸宁市 通城县,421222
台州市 椒江区,331002
日照市 东港区,371102
塔城地区 塔城市,654201
六安市 舒城县,341523
大同市 南郊区,140211
怀化市 芷江侗族自治县,431228
伊犁哈萨克自治州 霍城县,654023
青岛市 胶州市,370281
遵义市 红花岗区,520302
成都市 青白江区,510113
襄樊市 枣阳市,420683
十堰市 房县,420325
省直辖行政单位 定安县,469025
广安市 华莹市,511681
邢台市 临城县,130522
安康市 宁陕县,610923
海西蒙古族藏族自治州 格尔木市,632801
昌都地区 察雅县,542126
哈尔滨市 呼兰县,230121
新乡市 卫辉市,410781
马鞍山市 花山区,340503
克孜勒苏柯尔克孜自治州 阿克陶县,653022
濮阳市 濮阳县,410928
银川市 兴庆区,640104
烟台市 福山区,370611
咸阳市 三原县,610422
天津市 和平区,120101
成都市 彭州市,510182
山南地区 扎囊县,542222
清远市 阳山县,441823
株洲市 醴陵市,430281
吕梁市 文水县,141121
呼伦贝尔市 海拉尔区,150702
渭南市 临渭区,610502
青岛市 平度市,370283
焦作市 中站区,410803
昆明市 富民县,530124
孝感市 应城市,420981
阿克苏地区 温宿县,652922
德州市 陵县,371421
黔东南苗族侗族自治州 施秉县,522623
鹤岗市 绥滨县,230422
长治市 屯留县,140424
来宾市 武宣县,451323
安顺市 关岭布依族苗族自治县,520424
开封市 通许县,410222
拉萨市 达孜县,540126
朔州市 平鲁区,140603
郴州市 北湖区,431002
延安市 延长县,610621
重庆市 秀山土家族苗族自治县,500241
通化市 东昌区,220502
沈阳市 铁西区,210106
潮州市 湘桥区,445102
玉林市 容县,450921
赣州市 信丰县,360722
苏州市 张家港市,320582
大同市 广灵县,140223
白城市 镇赉县,220821
保山市 昌宁县,530524
鹤岗市 东山区,230406
恩施土家族苗族自治州 鹤峰县,422828
商丘市 梁园区,411402
渭南市 澄城县,610525
揭阳市 揭西县,445222
韶关市 北江区,440202
眉山市 东坡区,511402
延安市 安塞县,610624
沈阳市 辽中县,210122
那曲地区 索县,542427
齐齐哈尔市 碾子山区,230207
鞍山市 千山区,210311
三明市 泰宁县,350429
呼伦贝尔市 扎兰屯市,150783
湛江市 遂溪县,440823
盐城市 亭湖区,320902
邯郸市 鸡泽县,130431
汕头市 金平区,440511
大兴安岭地区 漠河县,232723
湖州市 德清县,330521
黔东南苗族侗族自治州 三穗县,522624
省直辖行政单位 万宁市,469006
德宏傣族景颇族自治州 潞西市,533103
吕梁市 交城县,141122
营口市 西市区,210803
吕梁市 汾阳市,141182
阿克苏地区 阿瓦提县,652928
永州市 蓝山县,431127
台州市 天台县,331023
广州市 番禺区,440113
承德市 双滦区,130803
黄山市 黟县,341023
三明市 永安市,350481
莱芜市 钢城区,371203
宁波市 奉化市,330283
普洱市 宁洱哈尼族彝族自治县,530821
抚顺市 顺城区,210411
宜宾市 屏山县,511529
怀化市 通道侗族自治县,431230
漳州市 平和县,350628
北京市 大兴区,110115
广元市 剑阁县,510823
齐齐哈尔市 富裕县,230227
十堰市 茅箭区,420302
乌兰察布市 化德县,150922
黄石市 铁山区,420205
宜宾市 珙县,511526
上饶市 鄱阳县,361128
东营市 利津县,370522
广州市 海珠区,440105
湖北省辖市区 神农架林区,429021
榆林市 定边县,610825
池州市 青阳县,341723
陇南地区 文县,622626
营口市 老边区,210811
葫芦岛市 连山区,211402
咸阳市 长武县,610428
呼和浩特市 新城区,150102
泰安市 肥城市,370983
临沂市 沂南县,371321
伊犁哈萨克自治州 伊宁市,654002
长春市 绿园区,220106
乌兰察布市 察哈尔右翼前旗,150926
武汉市 江岸区,420102
宁德市 古田县,350922
宿迁市 泗洪县,321324
邢台市 任县,130526
赤峰市 松山区,150404
巴音郭楞蒙古自治州 和硕县,652828
临沧市 双江拉祜族佤族布朗族傣族自治县,530925
泸州市 江阳区,510502
阿克苏地区 阿克苏市,652901
固原市 隆德县,640423
娄底市 娄星区,431302
吕梁市 孝义市,141181
亳州市 涡阳县,341621
石嘴山市 惠农区,640205
南充市 阆中市,511381
本溪市 平山区,210502
鹰潭市 余江县,360622
临沂市 罗庄区,371311
伊春市 新青区,230707
巢湖市 居巢区,341402
朝阳市 北票市,211381
莆田市 秀屿区,350305
郴州市 桂阳县,431021
临沂市 郯城县,371322
昭通市 彝良县,530628
上海市 徐汇区,310104
朝阳市 双塔区,211302
吉林市 蛟河市,220281
济宁市 兖州市,370882
聊城市 临清市,371581
石嘴山市 大武口区,640202
北海市 铁山港区,450512
济宁市 任城区,370811
南平市 建阳市,350784
郑州市 登封市,410185
山南地区 乃东县,542221
南京市 雨花台区,320114
新乡市 长垣县,410728
喀什地区 伽师县,653129
昆明市 宜良县,530125
温州市 文成县,330328
运城市 永济市,140881
丹东市 元宝区,210602
黔东南苗族侗族自治州 凯里市,522601
沧州市 黄骅市,130983
烟台市 招远市,370685
上海市 嘉定区,310114
兴安盟 突泉县,152224
辽源市 西安区,220403
赣州市 上犹县,360724
和田地区 策勒县,653225
乌鲁木齐市 东山区,650108
省直辖行政单位 澄迈县,469027
贵阳市 乌当区,520112
北京市 顺义区,110113
兴安盟 科尔沁右翼前旗,152221
昭通市 大关县,530624
无锡市 南长区,320203
平顶山市 汝州市,410482
连云港市 海州区,320706
邯郸市 广平县,130432
巴中市 平昌县,511923
重庆市 南川市,500384
丽水市 缙云县,331122
漳州市 长泰县,350625
上海市 长宁区,310105
廊坊市 固安县,131022
桂林市 叠彩区,450303
晋城市 泽州县,140525
临夏回族自治州 东乡族自治县,622926
长春市 九台市,220181
阜新市 清河门区,210905
乌兰察布市 商都县,150923
通辽市 科尔沁左翼后旗,150522
广州市 越秀区,440104
张家口市 蔚县,130726
邯郸市 武安市,130481
呼伦贝尔市 满洲里市,150781
天津市 滨海新区,120116
烟台市 长岛县,370634
郴州市 桂东县,431027
张家口市 桥西区,130703
林芝地区 工布江达县,542622
张掖市 临泽县,620723
株洲市 株洲县,430221
宁波市 余姚市,330281
红河哈尼族彝族自治州 元阳县,532528
柳州市 城中区,450202
定西市 通渭县,621121
河源市 东源县,441625
邢台市 隆尧县,130525
周口市 郸城县,411625
三明市 将乐县,350428
玉溪市 澄江县,530422
咸宁市 通山县,421224
红河哈尼族彝族自治州 石屏县,532525
平顶山市 湛河区,410411
甘孜藏族自治州 泸定县,513322
常州市 戚墅堰区,320405
宜春市 袁州区,360902
百色市 田阳县,451021
新乡市 红旗区,410702
黑河市 嫩江县,231121
滁州市 来安县,341122
重庆市 綦江县,500222
龙岩市 长汀县,350821
六盘水市 六枝特区,520203
泰州市 兴化市,321281
巴音郭楞蒙古自治州 且末县,652825
哈尔滨市 五常市,230184
张家口市 宣化区,130705
赤峰市 喀喇沁旗,150428
娄底市 新化县,431322
鸡西市 鸡东县,230321
佳木斯市 永红区,230802
甘孜藏族自治州 新龙县,513329
福州市 闽侯县,350121
宁波市 江北区,330205
菏泽市 成武县,371723
宝鸡市 麟游县,610329
牡丹江市 爱民区,231004
云浮市 郁南县,445322
永州市 道县,431124
台州市 黄岩区,331003
鹤岗市 工农区,230403
安阳市 龙安区,410506
伊春市 南岔区,230703
张家口市 宣化县,130721
兴安盟 扎赉特旗,152223
晋中市 昔阳县,140724
德州市 夏津县,371427
信阳市 商城县,411524
韶关市 新丰县,440233
包头市 白云矿区,150206
镇江市 句容市,321183
陇南地区 武都县,622621
黑河市 逊克县,231123
甘孜藏族自治州 乡城县,513336
鹤岗市 萝北县,230421
哈密地区 哈密市,652201
延边朝鲜族自治州 龙井市,222405
温州市 泰顺县,330329
曲靖市 会泽县,530326
巢湖市 庐江县,341421
红河哈尼族彝族自治州 建水县,532524
武威市 天祝藏族自治县,620623
临汾市 洪洞县,141024
百色市 田林县,451029
宣城市 旌德县,341825
安庆市 大观区,340803
绵阳市 安县,510724
鄂尔多斯市 鄂托克旗,150624
海西蒙古族藏族自治州 德令哈市,632802
南昌市 东湖区,360102
景德镇市 昌江区,360202
昆明市 五华区,530102
汕尾市 海丰县,441521
黑河市 爱辉区,231102
阳泉市 城区,140302
青岛市 胶南市,370284
铁岭市 调兵山市,211281
抚州市 南城县,361021
临夏回族自治州 永靖县,622923
阿克苏地区 乌什县,652927
那曲地区 比如县,542423
运城市 盐湖区,140802
佳木斯市 桦川县,230826
文山壮族苗族自治州 广南县,532627
黔南布依族苗族自治州 罗甸县,522728
邯郸市 大名县,130425
和田地区 墨玉县,653222
江门市 开平市,440783
定西市 陇西县,621122
南阳市 镇平县,411324
商丘市 睢阳区,411403
固原市 原州区,640402
铁岭市 铁岭县,211221
泉州市 安溪县,350524
喀什地区 岳普湖县,653128
新乡市 封丘县,410727
石家庄市 高邑县,130127
宁德市 周宁县,350925
南昌市 南昌县,360121
青岛市 黄岛区,370211
清远市 连州市,441882
南宁市 城北区,450104
呼伦贝尔市 阿荣旗,150721
克孜勒苏柯尔克孜自治州 阿图什市,653001
省直辖行政单位 西沙群岛,469037
岳阳市 云溪区,430603
衡阳市 常宁市,430482
石家庄市 井陉县,130121
焦作市 马村区,410804
昭通市 盐津县,530623
渭南市 大荔县,610523
舟山市 定海区,330902
安庆市 怀宁县,340822
济南市 章丘市,370181
省直辖行政单位 图木舒克市,659003
宝鸡市 岐山县,610323
南充市 高坪区,511303
赤峰市 红山区,150402
温州市 瓯海区,330304
双鸭山市 四方台区,230505
南充市 仪陇县,511324
湘潭市 雨湖区,430302
襄樊市 襄城区,420602
郴州市 嘉禾县,431024
牡丹江市 海林市,231083
塔城地区 和布克赛尔蒙古自治县,654226
吕梁市 柳林县,141125
六安市 金寨县,341524
曲靖市 沾益县,530328
毕节地区 金沙县,522424
郴州市 汝城县,431026
鹤壁市 淇县,410622
绥化市 青冈县,231223
九江市 都昌县,360428
阳江市 阳春市,441781
唐山市 滦南县,130224
开封市 南关区,410205
长沙市 芙蓉区,430102
石家庄市 新乐市,130184
苏州市 太仓市,320585
佳木斯市 汤原县,230828
烟台市 牟平区,370612
衢州市 开化县,330824
贵阳市 修文县,520123
成都市 崇州市,510184
庆阳市 西峰区,621002
怒江傈僳族自治州 贡山独龙族怒族自治县,533324
石嘴山市 平罗县,640221
芜湖市 马塘区,340203
白城市 洮北区,220802
酒泉市 肃州区,620902
攀枝花市 西区,510403
锦州市 古塔区,210702
芜湖市 镜湖区,340202
伊犁哈萨克自治州 特克斯县,654027
北京市 昌平区,110114
南平市 建瓯市,350783
荆门市 京山县,420821
铜仁地区 思南县,522225
临汾市 浮山县,141027
延边朝鲜族自治州 珲春市,222404
西宁市 湟源县,630123
红河哈尼族彝族自治州 绿春县,532531
成都市 蒲江县,510131
遵义市 赤水市,520381
赤峰市 翁牛特旗,150426
株洲市 茶陵县,430224
梧州市 万秀区,450403
江门市 台山市,440781
南京市 鼓楼区,320106
重庆市 万盛区,500110
松原市 宁江区,220702
吕梁市 岚县,141127
巴彦淖尔市 乌拉特前旗,150823
徐州市 泉山区,320311
通辽市 开鲁县,150523
张掖市 民乐县,620722
潍坊市 昌乐县,370725
铜川市 宜君县,610222
甘孜藏族自治州 巴塘县,513335
吉安市 井冈山市,360881
酒泉市 安西县,620922
百色市 平果县,451023
日照市 莒县,371122
漯河市 郾城县,411123
天水市 秦城区,620502
聊城市 茌平县,371523
临沧市 临翔区,530902
温州市 洞头县,330322
鹤壁市 淇滨区,410611
济南市 济阳县,370125
许昌市 襄城县,411025
锡林郭勒盟 多伦县,152531
海东地区 民和回族土族自治县,632122
渭南市 合阳县,610524
湖州市 安吉县,330523
南充市 西充县,511325
酒泉市 肃北蒙古族自治县,620923
石家庄市 井陉矿区,130107
果洛藏族自治州 久治县,632625
汉中市 留坝县,610729
长沙市 雨花区,430111
秦皇岛市 北戴河区,130304
广元市 苍溪县,510824
海口市 秀英区,460105
德州市 武城县,371428
石家庄市 平山县,130131
大理白族自治州 剑川县,532931
邯郸市 馆陶县,130433
乌鲁木齐市 乌鲁木齐县,650121
晋中市 太谷县,140726
哈尔滨市 道里区,230102
佛山市 禅城区,440604
咸阳市 泾阳县,610423
福州市 平潭县,350128
那曲地区 安多县,542425
三明市 三元区,350403
玉树藏族自治州 称多县,632723
省直辖行政单位 东方市,469007
湛江市 徐闻县,440825
阳泉市 矿区,140303
秦皇岛市 抚宁县,130323
宜昌市 枝江市,420583
运城市 河津市,140882
盐城市 东台市,320981
汉中市 镇巴县,610728
襄樊市 樊城区,420606
白山市 抚松县,220621
三门峡市 陕县,411222
锡林郭勒盟 镶黄旗,152528
随州市 广水市,421381
鄂州市 梁子湖区,420702
重庆市 北碚区,500109
巴音郭楞蒙古自治州 库尔勒市,652801
七台河市 勃利县,230921
宜宾市 长宁县,511524
驻马店市 泌阳县,411726
重庆市 巫山县,500237
沧州市 沧县,130921
西安市 雁塔区,610113
秦皇岛市 山海关区,130303
常德市 武陵区,430702
桂林市 龙胜各族自治县,450328
湛江市 雷州市,440882
贵阳市 清镇市,520181
梅州市 五华县,441424
阿里地区 日土县,542524
北京市 东城区,110101
甘孜藏族自治州 九龙县,513324
晋中市 介休市,140781
衡阳市 衡阳县,430421
荆州市 荆州区,421003
黔西南布依族苗族自治州 晴隆县,522324
哈尔滨市 香坊区,230106
北京市 延庆县,110229
湖州市 南浔区,330503
宣城市 郎溪县,341821
驻马店市 驿城区,411702
蚌埠市 东市区,340302
衡水市 深州市,131182
成都市 金牛区,510106
安康市 平利县,610926
新乡市 延津县,410726
迪庆藏族自治州 德钦县,533422
玉溪市 通海县,530423
天津市 静海县,120223
普洱市 澜沧拉祜族自治县,530828
济南市 商河县,370126
伊犁哈萨克自治州 伊宁县,654021
佳木斯市 桦南县,230822
唐山市 路北区,130203
呼伦贝尔市 陈巴尔虎旗,150725
滁州市 凤阳县,341126
吴忠市 利通区,640302
重庆市 云阳县,500235
新余市 渝水区,360502
葫芦岛市 南票区,211404
景德镇市 乐平市,360281
成都市 新都区,510114
泉州市 南安市,350583
呼和浩特市 清水河县,150124
济南市 历下区,370102
阳江市 阳东县,441723
阿拉善盟 额济纳旗,152923
济宁市 汶上县,370830
咸阳市 秦都区,610402
本溪市 本溪满族自治县,210521
石家庄市 赵县,130133
忻州市 保德县,140931
迪庆藏族自治州 香格里拉县,533421
秦皇岛市 青龙满族自治县,130321
乌海市 海勃湾区,150302
楚雄彝族自治州 姚安县,532325
齐齐哈尔市 泰来县,230224
安庆市 潜山县,340824
包头市 土默特右旗,150221
福州市 鼓楼区,350102
毕节地区 纳雍县,522426
乌鲁木齐市 沙依巴克区,650103
衡水市 故城县,131126
宝鸡市 扶风县,610324
常州市 溧阳市,320481
北京市 丰台区,110106
南阳市 淅川县,411326
通化市 通化县,220521
驻马店市 正阳县,411724
庆阳市 正宁县,621025
乌兰察布市 凉城县,150925
吕梁市 方山县,141128
十堰市 张湾区,420303
九江市 湖口县,360429
大同市 浑源县,140225
潍坊市 寿光市,370783
山南地区 贡嘎县,542223
石家庄市 裕华区,130108
凉山彝族自治州 普格县,513428
黄南藏族自治州 尖扎县,632322
重庆市 渝中区,500103
沈阳市 法库县,210124
忻州市 偏关县,140932
金华市 金东区,330703
徐州市 丰县,320321
南昌市 青云谱区,360104
南宁市 马山县,450124
保定市 北市区,130603
宜昌市 秭归县,420527
合肥市 肥东县,340122
临沂市 莒南县,371327
天水市 张家川回族自治县,620525
赣州市 南康市,360782
丽江市 玉龙纳西族自治县,530721
营口市 大石桥市,210882
洛阳市 老城区,410302
赤峰市 巴林左旗,150422
三明市 尤溪县,350426
德阳市 旌阳区,510603
重庆市 涪陵区,500102
唐山市 唐海县,130230
抚顺市 清原满族自治县,210423
银川市 贺兰县,640122
齐齐哈尔市 昂昂溪区,230205
泰州市 姜堰市,321284
石家庄市 藁城市,130182
阜阳市 颍州区,341202
大理白族自治州 南涧彝族自治县,532926
常德市 桃源县,430725
盐城市 盐都区,320903
周口市 西华县,411622
柳州市 鱼峰区,450203
徐州市 铜山县,320323
福州市 台江区,350103
铜仁地区 万山特区,522230
金华市 东阳市,330783
保山市 隆阳区,530502
赤峰市 克什克腾旗,150425
遵义市 仁怀市,520382
南充市 南部县,511321
昆明市 官渡区,530111
杭州市 淳安县,330127
武汉市 蔡甸区,420114
南宁市 新城区,450103
太原市 迎泽区,140106
邢台市 巨鹿县,130529
阳泉市 郊区,140311
郑州市 荥阳市,410182
佳木斯市 同江市,230881
定西市 临洮县,621124
江门市 恩平市,440785
西安市 新城区,610102
丹东市 振安区,210604
宁波市 慈溪市,330282
驻马店市 新蔡县,411729
黄冈市 蕲春县,421126
东莞市 东莞,441900
贵阳市 金阳新区,520115
锡林郭勒盟 东乌珠穆沁旗,152525
承德市 丰宁满族自治县,130826
阿坝藏族羌族自治州 小金县,513227
黄冈市 罗田县,421123
清远市 英德市,441881
阜新市 细河区,210911
保定市 安新县,130632
包头市 九原区,150207
大同市 城区,140202
安阳市 文峰区,410502
潍坊市 奎文区,370705
乐山市 五通桥区,511112
河池市 大化瑶族自治县,451229
固原市 泾源县,640424
呼和浩特市 回民区,150103
日喀则地区 聂拉木县,542336
河池市 东兰县,451224
铁岭市 清河区,211204
白山市 长白朝鲜族自治县,220623
长春市 农安县,220122
安顺市 镇宁布依族苗族自治县,520423
吉安市 安福县,360829
果洛藏族自治州 玛多县,632626
延边朝鲜族自治州 延吉市,222401
龙岩市 上杭县,350823
孝感市 汉川市,420984
张家口市 赤城县,130732
雅安市 名山县,511821
茂名市 茂港区,440903
杭州市 富阳市,330183
秦皇岛市 海港区,130302
大庆市 杜尔伯特蒙古族自治县,230624
锡林郭勒盟 苏尼特左旗,152523
北京市 朝阳区,110105
武威市 古浪县,620622
九江市 九江县,360421
河源市 连平县,441623
张家口市 尚义县,130725
抚顺市 新宾满族自治县,210422
吕梁市 中阳县,141129
张家口市 崇礼县,130733
常州市 天宁区,320402
杭州市 拱墅区,330105
临沧市 沧源佤族自治县,530927
永州市 江华瑶族自治县,431129
安阳市 北关区,410503
南京市 秦淮区,320104
安康市 石泉县,610922
泉州市 金门县,350527
齐齐哈尔市 克山县,230229
保定市 蠡县,130635
铜仁地区 江口县,522222
省直辖行政单位 屯昌县,469026
濮阳市 清丰县,410922
银川市 西夏区,640105
荆门市 东宝区,420802
巴彦淖尔市 临河区,150802
信阳市 光山县,411522
商洛市 商南县,611023
河池市 金城江区,451202
襄樊市 襄阳区,420607
吉林市 船营区,220204
咸阳市 兴平市,610481
珠海市 金湾区,440404
韶关市 南雄市,440282
郑州市 金水区,410105
梧州市 苍梧县,450421
承德市 平泉县,130823
济宁市 鱼台县,370827
佳木斯市 东风区,230805
抚顺市 望花区,210404
常州市 钟楼区,320404
甘南藏族自治州 迭部县,623024
临沧市 永德县,530923
宜昌市 兴山县,420526
乐山市 沙湾区,511111
承德市 滦平县,130824
兰州市 七里河区,620103
遂宁市 大英县,510923
朔州市 应县,140622
临汾市 翼城县,141022
眉山市 洪雅县,511423
乐山市 沐川县,511129
衡水市 桃城区,131102
日喀则地区 日喀则市,542301
齐齐哈尔市 龙沙区,230202
广元市 青川县,510822
凉山彝族自治州 宁南县,513427
松原市 乾安县,220723
石家庄市 新华区,130105
沧州市 孟村回族自治县,130930
日喀则地区 南木林县,542322
乐山市 市中区,511102
运城市 闻喜县,140823
南通市 通州市,320683
成都市 邛崃市,510183
威海市 文登市,371081
新乡市 原阳县,410725
苏州市 金阊区,320504
郑州市 二七区,410103
宿迁市 宿城区,321302
吉安市 遂川县,360827
临汾市 侯马市,141081
株洲市 芦淞区,430203
邵阳市 城步苗族自治县,430529
曲靖市 马龙县,530321
哈尔滨市 延寿县,230129
黄南藏族自治州 泽库县,632323
黔东南苗族侗族自治州 麻江县,522635
淮北市 烈山区,340604
长沙市 天心区,430103
三门峡市 灵宝市,411282
太原市 杏花岭区,140107
北京市 门头沟区,110109
塔城地区 额敏县,654221
广州市 黄埔区,440112
鞍山市 海城市,210381
昭通市 鲁甸县,530621
重庆市 大足县,500225
怀化市 沅陵县,431222
定西市 安定区,621102
大理白族自治州 弥渡县,532925
安顺市 紫云苗族布依族自治县,520425
临沧市 凤庆县,530921
齐齐哈尔市 富拉尔基区,230206
吕梁市 临县,141124
上饶市 玉山县,361123
长春市 德惠市,220183
苏州市 昆山市,320583
济宁市 金乡县,370828
广元市 旺苍县,510821
揭阳市 惠来县,445224
丽水市 景宁畲族自治县,331127
红河哈尼族彝族自治州 金平苗族瑶族傣族自治县,532530
南宁市 隆安县,450123
石家庄市 深泽县,130128
巢湖市 和县,341424
武汉市 江汉区,420103
衡阳市 石鼓区,430407
鹤岗市 兴山区,230407
宜春市 铜鼓县,360926
黔西南布依族苗族自治州 兴仁县,522322
庆阳市 华池县,621023
湛江市 吴川市,440883
洛阳市 栾川县,410324
昌吉回族自治州 呼图壁县,652323
日喀则地区 定结县,542332
周口市 项城市,411681
长治市 沁源县,140431
哈尔滨市 尚志市,230183
山南地区 浪卡子县,542233
自贡市 富顺县,510322
阜阳市 临泉县,341221
南昌市 进贤县,360124
喀什地区 叶城县,653126
临汾市 乡宁县,141029
赣州市 赣县,360721
西宁市 城西区,630104
上海市 闸北区,310108
信阳市 师河区,411502
南充市 营山县,511322
邯郸市 成安县,130424
鹰潭市 贵溪市,360681
徐州市 睢宁县,320324
南昌市 西湖区,360103
绍兴市 上虞市,330682
杭州市 西湖区,330106
荆州市 松滋市,421087
吕梁市 离石区,141102
黄山市 屯溪区,341002
绍兴市 绍兴县,330621
阜阳市 界首市,341282
广安市 广安区,511602
南阳市 南召县,411321
兰州市 西固区,620104
黔东南苗族侗族自治州 丹寨县,522636
青岛市 崂山区,370212
岳阳市 湘阴县,430624
东营市 河口区,370503
西双版纳傣族自治州 景洪市,532801
惠州市 博罗县,441322
天水市 秦安县,620522
乌兰察布市 丰镇市,150981
泰安市 新泰市,370982
宝鸡市 凤县,610330
沧州市 盐山县,130925
承德市 隆化县,130825
上饶市 铅山县,361124
阿勒泰地区 福海县,654323
茂名市 电白县,440923
徐州市 邳州市,320382
那曲地区 聂荣县,542424
太原市 阳曲县,140122
盐城市 阜宁县,320923
嘉峪关市 嘉峪关市,620201
临夏回族自治州 临夏市,622901
揭阳市 揭东县,445221
锡林郭勒盟 锡林浩特市,152502
那曲地区 巴青县,542429
宁波市 江东区,330204
伊犁哈萨克自治州 奎屯市,654003
清远市 清新县,441827
连云港市 新浦区,320705
亳州市 谯城区,341602
驻马店市 西平县,411721
宁德市 福安市,350981
甘南藏族自治州 夏河县,623027
上海市 浦东新区,310115
运城市 夏县,140828
齐齐哈尔市 建华区,230203
塔城地区 裕民县,654225
楚雄彝族自治州 双柏县,532322
丽水市 松阳县,331124
平顶山市 卫东区,410403
南昌市 青山湖区,360111
榆林市 米脂县,610827
梅州市 梅江区,441402
宜昌市 伍家岗区,420503
鸡西市 鸡冠区,230302
鸡西市 梨树区,230305
衢州市 柯城区,330802
清远市 连南瑶族自治县,441826
焦作市 修武县,410821
玉树藏族自治州 玉树县,632721
重庆市 潼南县,500223
无锡市 崇安区,320202
楚雄彝族自治州 大姚县,532326
达州市 大竹县,511724
甘孜藏族自治州 得荣县,513338
鸡西市 滴道区,230304
上饶市 万年县,361129
盘锦市 大洼县,211121
九江市 德安县,360426
张家口市 万全县,130729
邵阳市 邵东县,430521
宁波市 象山县,330225
凉山彝族自治州 木里藏族自治县,513422
甘孜藏族自治州 石渠县,513332
呼伦贝尔市 鄂伦春自治旗,150723
莆田市 城厢区,350302
凉山彝族自治州 喜德县,513432
昭通市 水富县,530630
哈尔滨市 宾县,230125
开封市 开封县,410224
百色市 西林县,451030
保定市 满城县,130621
亳州市 利辛县,341623
丽水市 青田县,331121
抚州市 金溪县,361027
无锡市 北塘区,320204
哈尔滨市 平房区,230108
上海市 静安区,310106
天津市 宝坻区,120115
甘南藏族自治州 合作市,623001
广州市 花都区,440114
恩施土家族苗族自治州 咸丰县,422826
乐山市 峨边彝族自治县,511132
丹东市 振兴区,210603
潍坊市 高密市,370785
台州市 三门县,331022
淮南市 大通区,340402
河池市 凤山县,451223
辽阳市 辽阳县,211021
毕节地区 威宁彝族回族苗族自治县,522427
抚州市 南丰县,361023
中卫市 中宁县,640521
黄山市 休宁县,341022
南阳市 唐河县,411328
甘孜藏族自治州 雅江县,513325
黔南布依族苗族自治州 福泉市,522702
焦作市 济源市,410881
吕梁市 兴县,141123
黔南布依族苗族自治州 瓮安县,522725
伊春市 红星区,230715
济宁市 市中区,370802
省直辖行政单位 乐东县,469033
大庆市 肇源县,230622
盐城市 大丰市,320982
凉山彝族自治州 冕宁县,513433
崇左市 凭祥市,451481
南宁市 横县,450127
黔南布依族苗族自治州 独山县,522726
娄底市 冷水江市,431381
毕节地区 织金县,522425
自贡市 荣县,510321
洛阳市 伊川县,410329
扬州市 仪征市,321081
保定市 安国市,130683
临夏回族自治州 积石山保安族东乡族撒拉族自治县,622927
常德市 临澧县,430724
开封市 郊区,410211
海南藏族自治州 贵南县,632525
玉树藏族自治州 曲麻莱县,632726
开封市 兰考县,410225
巴中市 通江县,511921
合肥市 包河区,340111
怒江傈僳族自治州 泸水县,533321
鄂尔多斯市 伊金霍洛旗,150627
永州市 新田县,431128
南京市 建邺区,320105
临沂市 苍山县,371324
凉山彝族自治州 西昌市,513401
玉林市 陆川县,450922
宿州市 灵璧县,341323
成都市 郫县,510124
株洲市 攸县,430223
龙岩市 武平县,350824
咸宁市 嘉鱼县,421221
哈密地区 巴里坤哈萨克自治县,652222
洛阳市 涧西区,410305
黔南布依族苗族自治州 惠水县,522731
西安市 莲湖区,610104
青岛市 李沧区,370213
宁德市 霞浦县,350921
湘西土家族苗族自治州 龙山县,433130
承德市 围场满族蒙古族自治县,130828
酒泉市 玉门市,620981
和田地区 和田市,653201
赤峰市 阿鲁科尔沁旗,150421
台湾省 台湾省,710102
林芝地区 波密县,542625
遵义市 余庆县,520329
齐齐哈尔市 铁锋区,230204
驻马店市 上蔡县,411722
佳木斯市 富锦市,230882
上饶市 德兴市,361181
贵港市 桂平市,450881
玉树藏族自治州 治多县,632724
衡水市 武邑县,131122
宜昌市 夷陵区,420506
佛山市 三水区,440607
抚州市 东乡县,361029
山南地区 琼结县,542225
黑河市 五大连池市,231182
上饶市 信州区,361102
平凉市 灵台县,620822
楚雄彝族自治州 武定县,532329
玉树藏族自治州 囊谦县,632725
临沂市 河东区,371312
平顶山市 新华区,410402
临汾市 曲沃县,141021
凉山彝族自治州 德昌县,513424
廊坊市 广阳区,131003
苏州市 吴江市,320584
河池市 宜州市,451281
朔州市 怀仁县,140624
凉山彝族自治州 昭觉县,513431
锡林郭勒盟 正镶白旗,152529
昌都地区 八宿县,542127
长沙市 望城县,430122
信阳市 淮滨县,411527
新乡市 凤泉区,410704
沈阳市 大东区,210104
唐山市 丰南区,130207
巴中市 南江县,511922
开封市 尉氏县,410223
梧州市 岑溪市,450481
宜昌市 当阳市,420582
赤峰市 敖汉旗,150430
伊春市 上甘岭区,230716
台州市 玉环县,331021
张家界市 武陵源区,430811
上海市 闵行区,310112
安康市 旬阳县,610928
湘西土家族苗族自治州 保靖县,433125
克拉玛依市 克拉玛依区,650203
重庆市 合川市,500382
菏泽市 定陶县,371727
通辽市 科尔沁区,150502
惠州市 龙门县,441324
哈尔滨市 通河县,230128
赣州市 章贡区,360702
赣州市 大余县,360723
楚雄彝族自治州 禄丰县,532331
四平市 伊通满族自治县,220323
赣州市 安远县,360726
渭南市 蒲城县,610526
成都市 龙泉驿区,510112
长春市 宽城区,220103
白山市 临江市,220681
昆明市 东川区,530113
舟山市 嵊泗县,330922
大同市 灵丘县,140224
淄博市 高青县,370322
河池市 巴马瑶族自治县,451227
邯郸市 邯郸县,130421
衢州市 江山市,330881
宝鸡市 眉县,610326
临汾市 霍州市,141082
泰州市 泰兴市,321283
廊坊市 永清县,131023
玉树藏族自治州 杂多县,632722
宁德市 柘荣县,350926
南阳市 卧龙区,411303
贵港市 覃塘区,450804
荆州市 江陵县,421024
中卫市 沙坡头区,640502
朔州市 右玉县,140623
潍坊市 诸城市,370782
锦州市 太和区,210711
乌兰察布市 兴和县,150924
鞍山市 岫岩满族自治县,210323
抚州市 崇仁县,361024
合肥市 长丰县,340121
呼伦贝尔市 根河市,150785
信阳市 新县,411523
恩施土家族苗族自治州 建始县,422822
日喀则地区 昂仁县,542327
玉林市 博白县,450923
牡丹江市 东安区,231002
金昌市 金川区,620302
南宁市 永新区,450106
宜春市 靖安县,360925
景德镇市 珠山区,360203
六盘水市 钟山区,520201
沈阳市 康平县,210123
贵港市 港南区,450803
哈尔滨市 太平区,230105
石家庄市 辛集市,130181
云浮市 云城区,445302
楚雄彝族自治州 永仁县,532327
徐州市 贾汪区,320305
省直辖行政单位 石河子市,659001
沈阳市 皇姑区,210105
德州市 宁津县,371422
商洛市 丹凤县,611022
忻州市 原平市,140981
昌都地区 洛隆县,542132
河池市 罗城仫佬族自治县,451225
阳泉市 盂县,140322
呼伦贝尔市 莫力达瓦达斡尔族自治旗,150722
塔城地区 沙湾县,654223
吴忠市 青铜峡市,640381
孝感市 大悟县,420922
上海市 崇明县,310230
邢台市 桥东区,130502
汉中市 城固县,610722
肇庆市 端州区,441202
山南地区 隆子县,542231
三门峡市 渑池县,411221
商丘市 虞城县,411425
沧州市 海兴县,130924
湖北省辖市区 天门市,429006
襄樊市 宜城市,420684
宜昌市 远安县,420525
克拉玛依市 白碱滩区,650204
西安市 周至县,610124
广州市 东山区,440102
沈阳市 苏家屯区,210111
鹤岗市 兴安区,230405
文山壮族苗族自治州 马关县,532625
晋中市 灵石县,140729
南平市 武夷山市,350782
黑河市 孙吴县,231124
成都市 金堂县,510121
长治市 长子县,140428
无锡市 锡山区,320205
天津市 河西区,120103
六安市 霍山县,341525
上饶市 弋阳县,361126
重庆市 彭水苗族土家族自治县,500243
锦州市 黑山县,210726
太原市 古交市,140181
随州市 曾都区,421302
包头市 石拐区,150205
益阳市 资阳区,430902
牡丹江市 东宁县,231024
玉溪市 江川县,530421
福州市 仓山区,350104
甘孜藏族自治州 道孚县,513326
阿坝藏族羌族自治州 九寨沟县,513225
阿坝藏族羌族自治州 阿坝县,513231
景德镇市 浮梁县,360222
盐城市 响水县,320921
广州市 天河区,440106
六安市 金安区,341502
大兴安岭地区 塔河县,232722
雅安市 石棉县,511824
清远市 连山壮族瑶族自治县,441825
海口市 美兰区,460108
益阳市 桃江县,430922
兰州市 城关区,620102
商丘市 宁陵县,411423
邢台市 宁晋县,130528
沧州市 河间市,130984
咸阳市 乾县,610424
巴音郭楞蒙古自治州 轮台县,652822
吉安市 永新县,360830
重庆市 璧山县,500227
许昌市 许昌县,411023
兴安盟 乌兰浩特市,152201
昆明市 石林彝族自治县,530126
扬州市 宝应县,321023
泸州市 叙永县,510524
茂名市 高州市,440981
三明市 沙县,350427
吉安市 吉州区,360802
鄂州市 鄂城区,420704
合肥市 肥西县,340123
喀什地区 英吉沙县,653123
衡阳市 衡东县,430424
上海市 杨浦区,310110
自贡市 沿滩区,510311
临汾市 蒲县,141033
许昌市 鄢陵县,411024
赣州市 于都县,360731
乌鲁木齐市 新市区,650104
运城市 垣曲县,140827
葫芦岛市 龙港区,211403
新乡市 新乡县,410721
喀什地区 莎车县,653125
廊坊市 大城县,131025
汕头市 澄海区,440515
鹤岗市 向阳区,230402
宁波市 宁海县,330226
通辽市 霍林郭勒市,150581
延边朝鲜族自治州 敦化市,222403
金华市 兰溪市,330781
大理白族自治州 云龙县,532929
锦州市 凌河区,210703
淄博市 桓台县,370321
内江市 隆昌县,511028
汕头市 龙湖区,440507
佛山市 高明区,440608
临沂市 平邑县,371326
茂名市 茂南区,440902
忻州市 河曲县,140930
重庆市 南岸区,500108
鄂尔多斯市 达拉特旗,150621
朝阳市 建平县,211322
日喀则地区 谢通门县,542328
眉山市 丹棱县,511424
烟台市 芝罘区,370602
黔南布依族苗族自治州 荔波县,522722
酒泉市 敦煌市,620982
郴州市 安仁县,431028
天津市 汉沽区,120108
伊春市 五营区,230710
辽阳市 太子河区,211011
汉中市 宁强县,610726
荆州市 洪湖市,421083
朝阳市 朝阳县,211321
葫芦岛市 建昌县,211422
哈尔滨市 方正县,230124
蚌埠市 五河县,340322
梧州市 藤县,450422
常州市 新北区,320411
西安市 户县,610125
巴音郭楞蒙古自治州 若羌县,652824
运城市 新绛县,140825
江门市 蓬江区,440703
运城市 稷山县,140824
邢台市 临西县,130535
惠州市 惠东县,441323
郴州市 永兴县,431023
拉萨市 尼木县,540123
杭州市 建德市,330182
柳州市 柳北区,450205
海南藏族自治州 兴海县,632524
黄冈市 黄州区,421102
铁岭市 开原市,211282
临沂市 蒙阴县,371328
佳木斯市 郊区,230811
塔城地区 托里县,654224
庆阳市 镇原县,621027
马鞍山市 金家庄区,340502
安庆市 郊区,340811
榆林市 横山县,610823
西双版纳傣族自治州 勐腊县,532823
兰州市 榆中县,620123
宝鸡市 陈仓区,610304
七台河市 新兴区,230902
鹰潭市 月湖区,360602
赣州市 龙南县,360727
通辽市 扎鲁特旗,150526
张掖市 高台县,620724
金华市 浦江县,330726
哈尔滨市 动力区,230107
大庆市 林甸县,230623
邯郸市 丛台区,130403
邯郸市 永年县,130429
吉安市 永丰县,360825
桂林市 阳朔县,450321
绥化市 安达市,231281
大同市 天镇县,140222
崇左市 龙州县,451423
南通市 海门市,320684
芜湖市 芜湖县,340221
淮安市 淮阴区,320804
重庆市 沙坪坝区,500106
文山壮族苗族自治州 丘北县,532626
凉山彝族自治州 美姑县,513436
新余市 分宜县,360521
保定市 雄县,130638
淮安市 金湖县,320831
四平市 双辽市,220382
合肥市 瑶海区,340102
海东地区 乐都县,632123
邯郸市 邯山区,130402
福州市 长乐市,350182
黄冈市 武穴市,421182
玉林市 兴业县,450924
南宁市 宾阳县,450126
南通市 崇川区,320602
昆明市 呈贡县,530121
乐山市 井研县,511124
伊犁哈萨克自治州 新源县,654025
长沙市 长沙县,430121
吉林市 桦甸市,220282
德州市 乐陵市,371481
昌吉回族自治州 玛纳斯县,652324
黄南藏族自治州 河南蒙古族自治县,632324
岳阳市 平江县,430626
庆阳市 庆城县,621021
滨州市 阳信县,371622
省直辖行政单位 白沙县,469030
嘉兴市 嘉善县,330421
赣州市 宁都县,360730
甘孜藏族自治州 炉霍县,513327
威海市 乳山市,371083
驻马店市 汝南县,411727
楚雄彝族自治州 元谋县,532328
滨州市 博兴县,371625
湘西土家族苗族自治州 凤凰县,433123
双鸭山市 饶河县,230524
湛江市 赤坎区,440802
韶关市 翁源县,440229
鄂尔多斯市 准格尔旗,150622
日喀则地区 仲巴县,542333
防城港市 上思县,450621
濮阳市 南乐县,410923
湘西土家族苗族自治州 永顺县,433127
海东地区 互助土族自治县,632126
长沙市 宁乡县,430124
百色市 隆林各族自治县,451031
安庆市 宿松县,340826
黔东南苗族侗族自治州 岑巩县,522626
保定市 新市区,130602
吉安市 吉安县,360821
齐齐哈尔市 甘南县,230225
唐山市 玉田县,130229
上海市 金山区,310116
德宏傣族景颇族自治州 瑞丽市,533102
武汉市 江夏区,420115
滁州市 天长市,341181
拉萨市 曲水县,540124
达州市 开江县,511723
锦州市 凌海市,210781
锡林郭勒盟 太仆寺旗,152527
崇左市 大新县,451424
德州市 庆云县,371423
那曲地区 尼玛县,542430
黄冈市 黄梅县,421127
长春市 南关区,220102
永州市 冷水滩区,431103
永州市 东安县,431122
上海市 青浦区,310118
聊城市 莘县,371522
邢台市 邢台县,130521
克拉玛依市 乌尔禾区,650205
宜宾市 兴文县,511528
珠海市 香洲区,440402
湖州市 吴兴区,330502
石家庄市 栾城县,130124
保山市 施甸县,530521
平顶山市 鲁山县,410423
苏州市 沧浪区,320502
梅州市 平远县,441426
芜湖市 繁昌县,340222
遂宁市 船山区,510903
林芝地区 米林县,542623
汕头市 南澳县,440523
焦作市 解放区,410802
鸡西市 麻山区,230307
双鸭山市 宝清县,230523
通辽市 科尔沁左翼中旗,150521
呼伦贝尔市 额尔古纳市,150784
淮安市 清河区,320802
长治市 城区,140402
天津市 南开区,120104
丽水市 遂昌县,331123
钦州市 钦南区,450702
巴彦淖尔市 乌拉特中旗,150824
来宾市 忻城县,451321
益阳市 安化县,430923
广州市 荔湾区,440103
锡林郭勒盟 二连浩特市,152501
吉林市 永吉县,220221
清远市 佛冈县,441821
宣城市 宁国市,341881
泸州市 泸县,510521
威海市 荣成市,371082
开封市 杞县,410221
梧州市 蝶山区,450404
保定市 高阳县,130628
邢台市 南和县,130527
桂林市 荔蒲县,450331
宜昌市 点军区,420504
天津市 西青区,120111
阜阳市 太和县,341222
白山市 靖宇县,220622
咸阳市 杨凌区,610403
焦作市 山阳区,410811
大同市 阳高县,140221
南阳市 桐柏县,411330
淮北市 杜集区,340602
白山市 江源县,220625
内江市 资中县,511025
桂林市 象山区,450304
昌吉回族自治州 吉木萨尔县,652327
保山市 龙陵县,530523
朝阳市 龙城区,211303
连云港市 灌南县,320724
温州市 龙湾区,330303
吉林市 龙潭区,220203
盘锦市 兴隆台区,211103
贵阳市 开阳县,520121
汕头市 潮南区,440514
汉中市 洋县,610723
淮安市 盱眙县,320830
洛阳市 吉利区,410306
保定市 望都县,130631
潍坊市 青州市,370781
荆门市 掇刀区,420804
七台河市 茄子河区,230904
周口市 商水县,411623
晋城市 阳城县,140522
金华市 永康市,330784
益阳市 沅江市,430981
济宁市 邹城市,370883
赣州市 会昌县,360733
天津市 北辰区,120113
临汾市 尧都区,141002
苏州市 相城区,320507
楚雄彝族自治州 南华县,532324
常德市 汉寿县,430722
怒江傈僳族自治州 福贡县,533323
潍坊市 安丘市,370784
商丘市 夏邑县,411426
阿拉善盟 阿拉善左旗,152921
晋城市 沁水县,140521
永州市 祁阳县,431121
绍兴市 嵊州市,330683
赣州市 瑞金市,360781
宁波市 海曙区,330203
泸州市 龙马潭区,510504
石家庄市 桥西区,130104
南平市 松溪县,350724
重庆市 荣昌县,500226
运城市 临猗县,140821
宜宾市 南溪县,511522
梅州市 蕉岭县,441427
无锡市 滨湖区,320211
遵义市 桐梓县,520322
德阳市 什邡市,510682
太原市 娄烦县,140123
呼和浩特市 武川县,150125
漳州市 漳浦县,350623
西安市 高陵县,610126
凉山彝族自治州 会理县,513425
抚州市 乐安县,361025
泸州市 纳溪区,510503
银川市 永宁县,640121
漯河市 临颍县,411122
恩施土家族苗族自治州 恩施市,422801
日喀则地区 白朗县,542329
阿坝藏族羌族自治州 松潘县,513224
福州市 晋安区,350111
平凉市 庄浪县,620825
长治市 武乡县,140429
包头市 昆都仑区,150203
凉山彝族自治州 雷波县,513437
马鞍山市 当涂县,340521
昆明市 晋宁县,530122
梧州市 长洲区,450405
天津市 宁河县,120221
长春市 二道区,220105
省直辖行政单位 儋州市,469003
平顶山市 郏县,410425
淮北市 濉溪县,340621
九江市 星子县,360427
天水市 清水县,620521
凉山彝族自治州 布拖县,513429
内江市 市中区,511002
大同市 矿区,140203
喀什地区 疏勒县,653122
咸阳市 淳化县,610430
广元市 市中区,510802
昌吉回族自治州 阜康市,652302
省直辖行政单位 陵水县,469034
菏泽市 曹县,371721
长沙市 浏阳市,430181
梧州市 蒙山县,450423
新乡市 牧野区,410711
白银市 靖远县,620421
大理白族自治州 祥云县,532923
宿迁市 沭阳县,321322
益阳市 南县,430921
德州市 德城区,371402
邯郸市 肥乡县,130428
海西蒙古族藏族自治州 天峻县,632823
雅安市 汉源县,511823
盐城市 滨海县,320922
宜宾市 高县,511525
北京市 西城区,110102
德宏傣族景颇族自治州 陇川县,533124
洛阳市 洛宁县,410328
喀什地区 塔什库尔干塔吉克自治县,653131
陇南地区 徽县,622630
凉山彝族自治州 越西县,513434
菏泽市 牡丹区,371702
巴音郭楞蒙古自治州 和静县,652827
甘南藏族自治州 碌曲县,623026
阿坝藏族羌族自治州 金川县,513226
自贡市 贡井区,510303
商洛市 镇安县,611025
曲靖市 罗平县,530324
咸宁市 崇阳县,421223
阳江市 阳西县,441721
黄石市 阳新县,420222
天津市 河东区,120102
蚌埠市 中市区,340303
信阳市 息县,411528
佳木斯市 前进区,230804
德州市 禹城市,371482
烟台市 龙口市,370681
郴州市 宜章县,431022
本溪市 明山区,210504
忻州市 忻府区,140902
呼和浩特市 和林格尔县,150123
贵港市 平南县,450821
漳州市 云霄县,350622
重庆市 垫江县,500231
曲靖市 陆良县,530322
邯郸市 曲周县,130435
德州市 临邑县,371424
临汾市 襄汾县,141023
赣州市 全南县,360729
重庆市 铜梁县,500224
衡阳市 南岳区,430412
淄博市 周村区,370306
杭州市 上城区,330102
日喀则地区 仁布县,542330
临沂市 兰山区,371302
平顶山市 石龙区,410404
崇左市 江洲区,451402
阿拉善盟 阿拉善右旗,152922
贵阳市 花溪区,520111
和田地区 和田县,653221
嘉兴市 海盐县,330424
海西蒙古族藏族自治州 乌兰县,632821
衢州市 衢江区,330803
永州市 江永县,431125
庆阳市 合水县,621024
昭通市 镇雄县,530627
温州市 永嘉县,330324
十堰市 丹江口市,420381
沈阳市 和平区,210102
苏州市 吴中区,320506
鞍山市 铁西区,210303
郑州市 上街区,410106
保定市 南市区,130604
舟山市 岱山县,330921
宁波市 北仑区,330206
淄博市 临淄区,370305
遵义市 绥阳县,520323
运城市 绛县,140826
楚雄彝族自治州 牟定县,532323
辽源市 东丰县,220421
淄博市 张店区,370303
贵阳市 南明区,520102
衡阳市 祁东县,430426
汕头市 潮阳区,440513
徐州市 沛县,320322
太原市 小店区,140105
洛阳市 新安县,410323
沈阳市 于洪区,210114
重庆市 长寿区,500115
商丘市 民权县,411421
天津市 东丽区,120110
渭南市 潼关县,610522
周口市 扶沟县,411621
临汾市 安泽县,141026
佛山市 顺德区,440606
荆州市 石首市,421081
聊城市 东阿县,371524
铜仁地区 沿河土家族自治县,522228
遵义市 正安县,520324
汉中市 汉台区,610702
温州市 乐清市,330382
洛阳市 汝阳县,410326
聊城市 高唐县,371526
文山壮族苗族自治州 砚山县,532622
石家庄市 桥东区,130103
铜仁地区 玉屏侗族自治县,522223
上海市 南汇区,310119
德州市 齐河县,371425
深圳市 龙岗区,440307
萍乡市 莲花县,360321
巴彦淖尔市 乌拉特后旗,150825
嘉兴市 海宁市,330481
咸宁市 赤壁市,421281
达州市 渠县,511725
玉溪市 华宁县,530424
池州市 石台县,341722
济宁市 梁山县,370832
洛阳市 孟津县,410322
南平市 顺昌县,350721
鹤壁市 山城区,410603
绵阳市 梓潼县,510725
宁德市 蕉城区,350902
岳阳市 汨罗市,430681
荆州市 沙市区,421002
黔南布依族苗族自治州 贵定县,522723
岳阳市 临湘市,430682
焦作市 博爱县,410822
通辽市 库伦旗,150524
保定市 涞源县,130630
漳州市 芗城区,350602
亳州市 蒙城县,341622
温州市 鹿城区,330302
黄山市 徽州区,341004
张家口市 康保县,130723
百色市 那坡县,451026
河池市 都安瑶族自治县,451228
咸阳市 彬县,610427
哈尔滨市 阿城市,230181
福州市 连江县,350122
庆阳市 宁县,621026
濮阳市 台前县,410927
汕尾市 城区,441502
漯河市 舞阳县,411121
重庆市 奉节县,500236
呼和浩特市 托克托县,150122
德宏傣族景颇族自治州 盈江县,533123
白城市 大安市,220882
包头市 东河区,150202
贺州市 富川瑶族自治县,451123
石家庄市 赞皇县,130129
黔东南苗族侗族自治州 台江县,522630
阿坝藏族羌族自治州 汶川县,513221
金昌市 永昌县,620321
贺州市 昭平县,451121
安阳市 殷都区,410505
铜川市 耀州区,610204
徐州市 鼓楼区,320302
廊坊市 霸州市,131081
铜陵市 狮子山区,340703
南阳市 西峡县,411323
海东地区 化隆回族自治县,632127
荆门市 钟祥市,420881
南平市 邵武市,350781
阿坝藏族羌族自治州 理县,513222
吕梁市 交口县,141130
新乡市 卫滨区,410703
和田地区 于田县,653226
巴音郭楞蒙古自治州 尉犁县,652823
扬州市 广陵区,321002
陇南地区 两当县,622629
蚌埠市 怀远县,340321
克孜勒苏柯尔克孜自治州 乌恰县,653024
铜仁地区 印江土家族苗族自治县,522226
双鸭山市 岭东区,230503
开封市 鼓楼区,410204
洛阳市 偃师市,410381
承德市 鹰手营子矿区,130804
黔东南苗族侗族自治州 锦屏县,522628
昆明市 西山区,530112
郴州市 临武县,431025
铁岭市 西丰县,211223
怀化市 鹤城区,431202
宿州市 萧县,341322
天津市 大港区,120109
绥化市 望奎县,231221
黄山市 祁门县,341024
无锡市 江阴市,320281
宝鸡市 凤翔县,610322
邯郸市 复兴区,130404
绥化市 海伦市,231283
淮安市 涟水县,320826
梅州市 梅县,441421
南宁市 兴宁区,450102
沧州市 东光县,130923
株洲市 荷塘区,430202
本溪市 南芬区,210505
邢台市 平乡县,130532
镇江市 丹阳市,321181
宜春市 奉新县,360921
日喀则地区 岗巴县,542338
安庆市 迎江区,340802
泉州市 永春县,350525
商洛市 商州区,611002
重庆市 江北区,500105
日喀则地区 萨迦县,542325
唐山市 遵化市,130281
厦门市 湖里区,350206
长沙市 开福区,430105
大庆市 让胡路区,230604
海北藏族自治州 刚察县,632224
达州市 宣汉县,511722
镇江市 丹徒区,321112
常德市 津市市,430781
海北藏族自治州 海晏县,632223
滁州市 明光市,341182
德阳市 绵竹市,510683
宜昌市 虎亭区,420505
普洱市 景谷傣族彝族自治县,530824
滁州市 全椒县,341124
锡林郭勒盟 正蓝旗,152530
伊春市 嘉荫县,230722
乌鲁木齐市 水磨沟区,650105
日喀则地区 亚东县,542334
杭州市 下城区,330103
昆明市 安宁市,530181
潍坊市 临朐县,370724
安康市 岚皋县,610925
延安市 吴旗县,610626
萍乡市 湘东区,360313
安阳市 内黄县,410527
甘南藏族自治州 舟曲县,623023
信阳市 平桥区,411503
宜宾市 宜宾县,511521
白山市 八道江区,220602
潍坊市 潍城区,370702
铜陵市 铜陵县,340721
泰州市 靖江市,321282
成都市 大邑县,510129
固原市 西吉县,640422
曲靖市 富源县,530325
齐齐哈尔市 克东县,230230
南阳市 方城县,411322
葫芦岛市 绥中县,211421
北京市 密云县,110228
大理白族自治州 巍山彝族回族自治县,532927
松原市 扶余县,220724
南阳市 新野县,411329
黔西南布依族苗族自治州 贞丰县,522325
巴音郭楞蒙古自治州 博湖县,652829
巴彦淖尔市 五原县,150821
保定市 定州市,130682
河源市 紫金县,441621
天水市 北道区,620503
邯郸市 邱县,130430
揭阳市 普宁市,445281
成都市 成华区,510108
玉林市 北流市,450981
拉萨市 林周县,540121
凉山彝族自治州 盐源县,513423
柳州市 融水苗族自治县,450225
肇庆市 鼎湖区,441203
阿坝藏族羌族自治州 壤塘县,513230
吉林市 舒兰市,220283
长治市 襄垣县,140423
铜陵市 郊区,340711
雅安市 天全县,511825
克孜勒苏柯尔克孜自治州 阿合奇县,653023
双鸭山市 友谊县,230522
保山市 腾冲县,530522
大理白族自治州 漾濞彝族自治县,532922
广元市 朝天区,510812
临沧市 云县,530922
安康市 白河县,610929
邵阳市 隆回县,430524
赣州市 崇义县,360725
郑州市 中牟县,410122
牡丹江市 绥芬河市,231081
西安市 临潼区,610115
甘孜藏族自治州 色达县,513333
晋城市 陵川县,140524
周口市 川汇区,411602
黔东南苗族侗族自治州 天柱县,522627
朝阳市 喀喇沁左翼蒙古族自治县,211324
三明市 大田县,350425
桂林市 雁山区,450311
湘西土家族苗族自治州 花垣县,433124
阿里地区 普兰县,542521
黔东南苗族侗族自治州 剑河县,522629
辽源市 东辽县,220422
上海市 黄浦区,310101
镇江市 润州区,321111
桂林市 全州县,450324
邯郸市 磁县,130427
焦作市 孟州市,410883
黔南布依族苗族自治州 龙里县,522730
九江市 彭泽县,360430
南昌市 安义县,360123
安庆市 岳西县,340828
武汉市 汉南区,420113
昌都地区 芒康县,542129
常州市 武进区,320412
黄冈市 浠水县,421125
驻马店市 遂平县,411728
四平市 公主岭市,220381
肇庆市 怀集县,441224
恩施土家族苗族自治州 来凤县,422827
毕节地区 毕节市,522401
沈阳市 新民市,210181
抚州市 临川区,361002
秦皇岛市 卢龙县,130324
温州市 平阳县,330326
绵阳市 北川羌族自治县,510726
遵义市 遵义县,520321
十堰市 竹山县,420323
宁德市 福鼎市,350982
常德市 鼎城区,430703
铜川市 王益区,610202
海南藏族自治州 贵德县,632523
沧州市 新华区,130902
保定市 阜平县,130624
吴忠市 红寺堡区,640303
西宁市 湟中县,630122
大连市 甘井子区,210211
绍兴市 诸暨市,330681
昭通市 永善县,530625
衡水市 景县,131127
镇江市 京口区,321102
曲靖市 麒麟区,530302
石家庄市 无极县,130130
滁州市 南谯区,341103
乌鲁木齐市 头屯河区,650106
北海市 合浦县,450521
韶关市 仁化县,440224
湖州市 长兴县,330522
渭南市 华阴市,610582
辽源市 龙山区,220402
定西市 漳县,621125
三明市 清流县,350423
临汾市 古县,141025
保定市 涞水县,130623
通化市 辉南县,220523
盐城市 建湖县,320925
黔东南苗族侗族自治州 雷山县,522634
衡阳市 衡山县,430423
呼和浩特市 赛罕区,150105
泉州市 德化县,350526
吉安市 新干县,360824
宜昌市 五峰土家族自治县,420529
济宁市 微山县,370826
重庆市 开县,500234
南阳市 宛城区,411302
毕节地区 黔西县,522423
汕尾市 陆河县,441523
齐齐哈尔市 拜泉县,230231
蚌埠市 西市区,340304
上饶市 上饶县,361121
抚顺市 新抚区,210402
韶关市 浈江区,440204
临夏回族自治州 广河县,622924
大同市 新荣区,140212
中山市 中山,442000
文山壮族苗族自治州 富宁县,532628
海东地区 循化撒拉族自治县,632128
张家口市 怀来县,130730
烟台市 莱阳市,370682
昌都地区 贡觉县,542123
绵阳市 平武县,510727
成都市 锦江区,510104
福州市 罗源县,350123
枣庄市 市中区,370402
天津市 红桥区,120106
太原市 清徐县,140121
宝鸡市 太白县,610331
大理白族自治州 大理市,532901
潍坊市 寒亭区,370703
毕节地区 赫章县,522428
十堰市 竹溪县,420324
莆田市 荔城区,350304
吉安市 青原区,360803
南京市 江宁区,320115
崇左市 扶绥县,451421
昌吉回族自治州 奇台县,652325
徐州市 九里区,320304
鞍山市 铁东区,210302
南阳市 内乡县,411325
兰州市 永登县,620121
贵阳市 云岩区,520103
苏州市 常熟市,320581
韶关市 乳源瑶族自治县,440232
大庆市 萨尔图区,230602
巴彦淖尔市 磴口县,150822
阜新市 新邱区,210903
唐山市 迁西县,130227
陇南地区 康县,622625
西安市 未央区,610112
襄樊市 保康县,420626
昌吉回族自治州 昌吉市,652301
周口市 太康县,411627
临沂市 临沭县,371329
咸阳市 永寿县,610426
大连市 普兰店市,210282
晋中市 平遥县,140728
普洱市 镇沅彝族哈尼族拉祜族自治县,530825
哈尔滨市 双城市,230182
商洛市 洛南县,611021
林芝地区 林芝县,542621
佛山市 南海区,440605
三明市 梅列区,350402
漳州市 东山县,350626
海东地区 平安县,632121
黔东南苗族侗族自治州 黎平县,522631
延边朝鲜族自治州 汪清县,222424
海南藏族自治州 同德县,632522
衡阳市 耒阳市,430481
邵阳市 武冈市,430581
烟台市 蓬莱市,370684
汉中市 佛坪县,610730
成都市 温江区,510115
商洛市 柞水县,611026
重庆市 石柱土家族自治县,500240
莱芜市 莱城区,371202
汉中市 略阳县,610727
赣州市 兴国县,360732
辽阳市 文圣区,211003
陇南地区 成县,622624
湛江市 麻章区,440811
阿坝藏族羌族自治州 红原县,513233
宣城市 广德县,341822
辽阳市 宏伟区,211004
蚌埠市 固镇县,340323
杭州市 滨江区,330108
甘孜藏族自治州 白玉县,513331
唐山市 乐亭县,130225
日喀则地区 定日县,542324
忻州市 五台县,140922
忻州市 繁峙县,140924
绥化市 北林区,231202
邯郸市 临漳县,130423
汉中市 勉县,610725
乐山市 金口河区,511113
岳阳市 华容县,430623
桂林市 永福县,450326
岳阳市 君山区,430611
嘉兴市 平湖市,330482
红河哈尼族彝族自治州 河口瑶族自治县,532532
延安市 志丹县,610625
泉州市 晋江市,350582
江门市 新会区,440705
四平市 铁西区,220302
延安市 富县,610628
省直辖行政单位 临高县,469028
邢台市 威县,130533
许昌市 长葛市,411082
厦门市 海沧区,350205
渭南市 韩城市,610581
平凉市 华亭县,620824
重庆市 丰都县,500230
大兴安岭地区 加格达奇区,232701
三明市 宁化县,350424
绵阳市 游仙区,510704
赣州市 寻乌县,360734
乌兰察布市 察哈尔右翼中旗,150927
百色市 凌云县,451027
秦皇岛市 昌黎县,130322
楚雄彝族自治州 楚雄市,532301
九江市 武宁县,360423
济南市 历城区,370112
济宁市 泗水县,370831
黔南布依族苗族自治州 长顺县,522729
宜春市 上高县,360923
兴安盟 科尔沁右翼中旗,152222
扬州市 郊区,321011
安顺市 西秀区,520402
南京市 溧水县,320124
延安市 延川县,610622
延安市 甘泉县,610627
南充市 嘉陵区,511304
青岛市 城阳区,370214
上海市 普陀区,310107
漳州市 南靖县,350627
黄山市 黄山区,341003
天津市 武清区,120114
温州市 苍南县,330327
信阳市 潢川县,411526
咸阳市 旬邑县,610429
阿克苏地区 库车县,652923
通辽市 奈曼旗,150525
日喀则地区 萨嘎县,542337
咸阳市 渭城区,610404
普洱市 思茅区,530802
南宁市 上林县,450125
晋城市 城区,140502
西安市 蓝田县,610122
南京市 六合区,320116
鸡西市 虎林市,230381
承德市 兴隆县,130822
山南地区 措美县,542227
锡林郭勒盟 西乌珠穆沁旗,152526
商丘市 永城市,411481
菏泽市 单县,371722
赣州市 石城县,360735
甘南藏族自治州 玛曲县,623025
兰州市 皋兰县,620122
日喀则地区 吉隆县,542335
惠州市 惠阳区,441303
嘉兴市 秀城区,330402
武威市 凉州区,620602
喀什地区 麦盖提县,653127
双鸭山市 集贤县,230521
铜川市 印台区,610203
武汉市 武昌区,420106
北京市 宣武区,110104
延安市 黄龙县,610631
